id, pseudo, password, email, photo, date_inscription, age, sexe
1, 'Arthur Arhing', 'arhingart', 'arhingart@gmail.com', 1, '2016-06-01', 21, 1
2, 'Jefferson Tari', 'jeftari223', 'jefitari@gmail.com', 2, '2016-06-01', 27, 1
3, 'Angelina Ugly', 'angeugly', 'angeugly@gmail.com', 3, '2016-06-02', 25, 0
4, 'Ryan Lingegosse', 'ryanlinge', 'lingeryan@gmail.com', 4, '2016-06-02', 26, 1
5, 'Bella Tina', 'belletina556', 'belletina556@gmail.com', 5, '2016-06-03', 18, 0
6, 'Olivia Deliria', 'olivdeli', 'olivia.delira@free.fr', 6, '2016-06-03', 20, 0
7, 'Olivier Cargloush', 'resine1euro', 'olivierdecargloush@yahoo.fr', 7, '2016-06-04', 27, 1
8, 'Jim Carre', 'jimcarreyes', 'jim.carre@gmail.com', 8, '2016-06-04', 25, 1
9, 'Célia Abba', 'celiaba', 'celiaabba@gmail.com', 9, '2016-06-05', 19, 0
10, 'Mikeline Semoun', 'mikelinebellegosse', 'mikelinesemoun@free.fr', 10, '2016-06-05', 23, 0
11, 'Fatima Mbala', 'fatibala', 'fatibala@yahoo.fr', 11, '2016-06-06', 27, 0
12, 'Jean Michel Vase', 'jmichmichvase', 'jeanmich.vase@gmail.com', 12, '2016-06-07', 24, 1
13, 'Damien Note', 'rplopnote', 'dnote@gmail.com', 13, '2016-06-07', 25, 1
14, 'Clara Megane', 'cmegane', 'cmegane@gmail.com', 14, '2016-06-08', 24, 0
15, 'Paul Garibal', 'pgaribal78', 'pgaribal@live.fr', 15, '2016-06-08', 20, 1
16, 'Lola Quelo', 'lquelocol', 'lola.quelo@gmail.fr', 16, '2016-06-09', 23, 0
17, 'Simone Anemone', 'simoneeeb', 'simone.eeb@gmail.com', 17, '2016-06-10', 20, 0
18, 'Serge Tantra', 'sergesoad', 'serge.soad@gmail;com', 18, '2016-06-10', 28, 1
19, 'Bruce Wayne', 'blackbat', 'bwayne@free.fr', 19, '2016-06-11', 22, 1
20, 'Lila Wayne', 'lilawdance', 'lila.wayne@hotmail.fr', 20, '2016-06-12', 24, 0
21, 'Theo de la Vega', 'delavega77', 'tdelavega@gmail.com', 21, '2016-06-12', 26, 1
22, 'Mina Uzumi', 'dingdong', 'mina.uzumi@hotmail.com', 22, '2016-06-13', 18, 0
23, 'Chloé Kzema', 'czema25', 'czema@yahoo.fr', 23, '2016-06-13', 24, 0
24, 'Pauline Soubi', 'psoubi77', 'psoubi@gmail.com', 24, '2016-06-14', 23, 0
25, 'Elisabeth Swayzee', 'eswayzee56', 'eswayzi@free.fr', 25, '2016-06-14', 26, 0
26, 'Elaine Bauda', 'elainouna', 'elainebauda@free.fr', 26, '2016-06-15', 21, 0
27, 'Sarah Goyave', 'sararounette', 'sgoyave@hotmail.fr', 27, '2016-06-15', 22, 0
28, 'Paulina Garcia', 'pgarciaplopiespagna', 'rgarcia@free.fr', 28, '2016-06-15', 28, 0
29, 'Aurélie Otta', 'otaota', 'aota@free.fr', 29, '2016-06-15', 18, 0
30, 'Jack Cash', 'jcash91', 'jcash@gmail.com', 30, '2016-06-15', 28, 1
31, 'Ludovik Youyou', 'ludoyouyou', 'ludo@gmail.com', 31, '2016-06-16', 26, 1
32, 'Hélène Hélégarcon', 'helenekifflalife', 'helene.h@free.fr', 32, '2016-06-16', 24, 0
33, 'Alan d\'Argenteuil', 'cdesbetisesca', 'adargenteuil@gmail.com', 33, '2016-06-16', 22, 1
34, 'Lisa Monello', 'lisamonnet', 'lisa.monello@gmail.com', 34, '2016-06-17', 19, 0
35, 'Patricia Pretty', 'pprettywoman', 'ppretty@free.fr', 35, '2016-06-17', 27, 0
36, 'Jean Aymar', 'jemarredetout', 'jaymar@gmail.com', 36, '2016-06-17', 20, 1
37, 'Jessica Rembarre', 'jrembarre', 'jrembarre@yahoo.fr', 37, '2016-06-17', 18, 0
38, 'Rolland Culay', 'albatord', 'rcullayeen@hotmail.fr', 38, '2016-06-18', 25, 1
39, 'Jessica Stagnette', 'jestagne', 'jstagnette@free.fr', 39, '2016-06-18', 22, 0
40, 'Lara Clayte', 'fromage77', 'lclayte@gmail.com', 40, '2016-06-18', 19, 0
41, 'Eva Skassaylaggle', 'eskassay', 'eskassay@gmail.com', 41, '2016-06-18', 23, 0
42, 'Lorie Fiss', 'lorirififi', 'lfiss@free.fr', 42, '2016-06-18', 18, 0
43, 'Laurie Culaire', 'lculaire', 'lculaire@hotmail.fr', 43, '2016-06-19', 23, 0
44, 'Samba Lekouye', 'sambalek', 'sambalekouye@gmail.com', 44, '2016-06-19', 27, 1
45, 'Béatrice Divert', 'bdivert88', 'bdivert@gmail.com', 45, '2016-06-19', 19, 0
46, 'Laura Cheval', 'petitponey77', 'lcheval@free.fr', 46, '2016-06-19', 20, 0
47, 'Mohamed Ellie', 'mallichamp', 'mellie@gmail.com', 47, '2016-06-19', 28, 1
48, 'Lisa Tran', 'cantonnaise92', 'ltran453@free.fr', 48, '2016-06-19', 20, 0
49, 'Vincent Sargas', 'vsargaspro', 'vsargas@yahoo.fr', 49, '2016-06-20', 25, 1
50, 'Gilles Bachou', 'gilloubachbach', 'gbachou@gmail.fr', 50, '2016-06-20', 28, 1
51, 'Thomas Vannola', 'totovano', 'tvannola@gmail.com', 51, '2016-06-20', 23, 1
52, 'Thierry Genolo', 'titigene', 'tgenolo@free.fr', 52, '2016-06-20', 26, 1
53, 'Roger Vanini', 'rvananinoli', 'rvanini@hotmail.fr', 53, '2016-06-20', 22, 1
54, 'Robert Juniart', 'jujuniart', 'rjuniart@gmail.com', 54, '2016-06-20', 21, 1
55, 'Zoé Talon', 'ztalontalon', 'ztalon@free.fr', 55, '2016-06-21', 18, 0
56, 'Alain Tayrieur', 'alaintay', 'alaintay@free.fr', 56, '2016-06-21', 22, 1
57, 'Alex Tayrieur', 'alextay', 'alextay@gmail.com', 57, '2016-06-21', 26, 1
